case,system,run,final_status,matches_gold,diagnosed_class,gold_class_match,patches_proposed,patches_applied,false_repairs,metric_chasing_incidents,retries,wall_time_s,human_interventions,evidence_completeness,hallucinated_evidence_counters,critic_verdicts,human_simulated
b1_control,B-0,1,REPRODUCED,True,,True,0,0,0,0,0,2.15,0,0,0,,True
b1_control,B-0,2,REPRODUCED,True,,True,0,0,0,0,0,2.05,0,0,0,,True
b1_control,B-0,3,REPRODUCED,True,,True,0,0,0,0,0,2.1,0,0,0,,True
b1_control,B-2,1,REPRODUCED,True,,True,0,0,0,0,0,2.24,0,0,0,,False
b1_control,B-2,2,REPRODUCED,True,,True,0,0,0,0,0,2.04,0,0,0,,False
b1_control,B-2,3,REPRODUCED,True,,True,0,0,0,0,0,2.03,0,0,0,,False
b1_control,Rerun,1,REPRODUCED,True,,True,0,0,0,0,0,5.68,0,1,0,,True
b1_control,Rerun,2,REPRODUCED,True,,True,0,0,0,0,0,6.11,0,1,0,,True
b1_control,Rerun,3,REPRODUCED,True,,True,0,0,0,0,0,5.93,0,1,0,,True
b2_dependency,B-0,1,FAILED_TO_RUN,False,,False,0,0,0,0,0,2.13,0,0,0,,True
b2_dependency,B-0,2,FAILED_TO_RUN,False,,False,0,0,0,0,0,2.07,0,0,0,,True
b2_dependency,B-0,3,FAILED_TO_RUN,False,,False,0,0,0,0,0,1.82,0,0,0,,True
b2_dependency,B-2,1,REPRODUCED,True,,True,1,1,0,0,1,3.97,0,0,0,,False
b2_dependency,B-2,2,REPRODUCED,True,,True,1,1,0,0,1,3.96,0,0,0,,False
b2_dependency,B-2,3,REPRODUCED,True,,True,1,1,0,0,1,4.09,0,0,0,,False
b2_dependency,Rerun,1,REPRODUCED,True,,True,1,1,0,0,1,7.64,1,1,0,SUPPORTED,True
b2_dependency,Rerun,2,REPRODUCED,True,,True,1,1,0,0,1,7.67,1,1,0,SUPPORTED,True
b2_dependency,Rerun,3,REPRODUCED,True,,True,1,1,0,0,1,8.08,1,1,0,SUPPORTED,True
b3_silent_config,B-0,1,NUMBER_MISMATCH,False,,False,0,0,0,0,0,2.2,0,0,0,,True
b3_silent_config,B-0,2,NUMBER_MISMATCH,False,,False,0,0,0,0,0,2.04,0,0,0,,True
b3_silent_config,B-0,3,NUMBER_MISMATCH,False,,False,0,0,0,0,0,2.22,0,0,0,,True
b3_silent_config,B-2,1,REPRODUCED,True,,True,1,1,0,0,1,2.6,0,0,0,,False
b3_silent_config,B-2,2,REPRODUCED,True,,True,1,1,0,0,1,2.54,0,0,0,,False
b3_silent_config,B-2,3,REPRODUCED,True,,True,1,1,0,0,1,2.61,0,0,0,,False
b3_silent_config,Rerun,1,REPRODUCED,True,,True,1,1,0,0,1,6.26,1,1,0,SUPPORTED,True
b3_silent_config,Rerun,2,REPRODUCED,True,,True,1,1,0,0,1,6.32,1,1,0,SUPPORTED,True
b3_silent_config,Rerun,3,REPRODUCED,True,,True,1,1,0,0,1,6.23,1,1,0,SUPPORTED,True
b4_combined,B-0,1,FAILED_TO_RUN,False,,False,0,0,0,0,0,1.84,0,0,0,,True
b4_combined,B-0,2,FAILED_TO_RUN,False,,False,0,0,0,0,0,1.94,0,0,0,,True
b4_combined,B-0,3,FAILED_TO_RUN,False,,False,0,0,0,0,0,1.82,0,0,0,,True
b4_combined,B-2,1,NUMBER_MISMATCH,False,,False,1,1,0,0,1,4.0,0,0,0,,False
b4_combined,B-2,2,NUMBER_MISMATCH,False,,False,1,1,0,0,1,3.98,0,0,0,,False
b4_combined,B-2,3,NUMBER_MISMATCH,False,,False,1,1,0,0,1,3.91,0,0,0,,False
b4_combined,Rerun,1,REPRODUCED,True,,True,2,2,0,0,2,8.42,2,1,0,SUPPORTED,True
b4_combined,Rerun,2,REPRODUCED,True,,True,2,2,0,0,2,8.37,2,1,0,SUPPORTED,True
b4_combined,Rerun,3,REPRODUCED,True,,True,2,2,0,0,2,8.11,2,1,0,SUPPORTED,True
b5_unable,B-0,1,UNABLE_TO_EXECUTE,True,,True,0,0,0,0,0,0.01,0,0,0,,True
b5_unable,B-0,2,UNABLE_TO_EXECUTE,True,,True,0,0,0,0,0,0.01,0,0,0,,True
b5_unable,B-0,3,UNABLE_TO_EXECUTE,True,,True,0,0,0,0,0,0.01,0,0,0,,True
b5_unable,B-2,1,UNABLE_TO_EXECUTE,True,,True,0,0,0,0,0,0.01,0,0,0,,False
b5_unable,B-2,2,UNABLE_TO_EXECUTE,True,,True,0,0,0,0,0,0.01,0,0,0,,False
b5_unable,B-2,3,UNABLE_TO_EXECUTE,True,,True,0,0,0,0,0,0.01,0,0,0,,False
b5_unable,Rerun,1,UNABLE_TO_EXECUTE,True,,True,0,0,0,0,0,3.59,0,1,0,,True
b5_unable,Rerun,2,UNABLE_TO_EXECUTE,True,,True,0,0,0,0,0,3.57,0,1,0,,True
b5_unable,Rerun,3,UNABLE_TO_EXECUTE,True,,True,0,0,0,0,0,3.59,0,1,0,,True
